"","X","if.bias","pi.bias","if2.bias","pi2.bias","delta"
"1",1,-0.0627487293699432,0.00874647582833912,-0.147234208289417,-0.0661120504360781,0.5
"2",2,-0.11672767311574,-0.0516775103161088,-0.11943763092139,-0.0254931693951739,0.5
"3",3,-0.110062245604263,-0.114935519665087,-0.0469802342442251,-0.0656786553320062,0.5
"4",4,0.0314919924708556,-0.00944600450401656,-0.0128381697846661,-0.0386269793921963,0.5
"5",5,0.0820939656273289,0.0260066830234818,0.0587618988696418,0.0118391042089576,0.5
"6",6,0.0365129825433915,-0.0595080303032705,0.0330736293192202,-0.0384433185324584,0.5
"7",7,0.0837150058250098,0.0132902499067591,0.0884750596937389,0.0310417133383098,0.5
"8",8,-0.0679771830925354,0.0515686475105782,-0.0424413135330113,0.0722456182963224,0.5
"9",9,0.0404688197157458,-0.0871111551024163,0.0515077735288586,-0.0586462055585602,0.5
"10",10,-0.107993128445178,-0.0580680295480653,-0.105056173711245,-0.0353941105630976,0.5
"11",11,-0.0400980518185514,-0.090833563574222,-0.00173846191134437,-0.0208956408201354,0.5
"12",12,0.0762559331230735,-0.0112284819721587,0.0105808479508511,-0.0325960597681715,0.5
"13",13,0.0911741570162883,0.150983145045142,-0.0381061401553939,0.024822880551451,0.5
"14",14,0.213812314115164,0.19024044694476,0.107597512873165,0.103537538423256,0.5
"15",15,0.24919713809552,0.0313532913708137,0.318916456228562,0.102343850802792,0.5
"16",16,0.0146658938513978,0.0383428462118473,0.0130882228343958,0.038220075139938,0.5
"17",17,0.0321600816486907,-0.032446677887384,0.108557799671805,0.06020857691285,0.5
"18",18,-0.230899241134888,-0.128025995853791,-0.116144689876028,-0.0289719246952363,0.5
"19",19,-0.172668664452222,0.0148018822434705,-0.169946436367648,0.0207764581241852,0.5
"20",20,0.0761253689821423,0.0598351275308377,0.0243424099685743,0.0189870639606181,0.5
"21",21,0.0366761666616933,-0.0418139348261194,0.0695282596036189,-0.0144613707554284,0.5
"22",22,-0.0559314166227928,-0.0631894156272768,-0.056778592016363,-0.0595883903799827,0.5
"23",23,0.113103980433688,0.101191122522497,0.0729298874469012,0.0654404673115388,0.5
"24",24,-0.0974195442859032,-0.00729626101917213,-0.0219882021373835,0.0606567178956995,0.5
"25",25,-0.0348746837480064,0.0893714818144057,-0.0820699055017287,0.0553185823761959,0.5
"26",26,0.0351210676965052,-0.0370454900712392,0.047629828463389,-0.0109582399540227,0.5
"27",27,-0.0247618082199374,-0.0532270584054913,-0.0344973402602741,-0.040210740384862,0.5
"28",28,0.0653258739450135,-0.0867363621095125,0.0918094517431061,-0.0540182150007198,0.5
"29",29,-0.0410949459581576,0.054817159972501,-0.0412346977333285,0.0588349458314488,0.5
"30",30,0.0626900543755616,-0.0383772628996405,0.0644871117096678,-0.00923649039332461,0.5
"31",31,-0.0999180479546041,0.0455813748759638,-0.113513793510613,0.0286778776193424,0.5
"32",32,-0.21748535359768,-0.127483969854986,-0.177332579092278,-0.06382593883052,0.5
"33",33,0.15917392048976,0.0817826013447846,0.1183449189829,0.0738712398775949,0.5
"34",34,0.177784887759554,0.0860570604801969,0.15819640466352,0.0575349142311735,0.5
"35",35,-0.184729708699251,-0.0137011669903349,-0.215891307855139,-0.0368315432853911,0.5
"36",36,-0.068789105850706,0.0199338256398407,-0.0733281036996473,0.0220232281256515,0.5
"37",37,-0.0690509699622724,-0.00170236077781352,-0.090870568061662,0.000883438210932661,0.5
"38",38,0.0883570191206523,0.0940457827472896,-0.00373337217448295,0.0105259392308411,0.5
"39",39,0.0719338646963425,0.0395109601192989,0.0870420428031469,0.0544071441757522,0.5
"40",40,-0.166617093255915,-0.0902475416709323,-0.0585650430782129,0.00910466368513249,0.5
"41",41,0.115397215261471,-0.0173314670486198,0.103169727573322,-0.0462322765200347,0.5
"42",42,-0.087372251269305,0.0141699614440575,-0.114603290960563,-0.00228505312935126,0.5
"43",43,-0.0826835642618146,-0.152938866384213,0.023342737136262,-0.0397294619369942,0.5
"44",44,-0.150554725024752,0.00809471523905617,-0.0869673980049989,0.0642961336713058,0.5
"45",45,0.155686348933638,0.120948522606136,0.0907312585549522,0.0808352324170354,0.5
"46",46,-0.0218808505251924,-0.11138672626565,0.0297123211944271,-0.0253884313798386,0.5
"47",47,-0.00267622087012695,0.0155717514748048,-0.0343637493640637,0.0115890226536617,0.5
"48",48,-0.015282070393535,-0.0544448512823845,0.0362043327783782,0.00476791100416962,0.5
"49",49,0.205367404238851,0.147109416156719,0.143921289671755,0.0972891541430299,0.5
"50",50,0.0302512460375416,-0.0810385474649496,0.0355940979054816,-0.0450319847908484,0.5
"51",51,0.184287182561272,0.124615697075424,0.0723520829004005,0.025483896337536,0.5
"52",52,0.0704201500952342,-0.0336201999750471,0.0473886974821541,-0.0234938388026646,0.5
"53",53,-0.0659822653723331,0.0548476596231279,-0.137022849554779,-0.00571481445659148,0.5
"54",54,-0.0399525481598071,-0.0847896466496654,-0.0747809421047164,-0.070933132515192,0.5
"55",55,0.00365282370007031,-0.0353467553390573,0.0114103892606178,-0.0128688853551317,0.5
"56",56,-0.11584816518223,-0.0533554519417598,-0.0776486435576206,-0.00351877297982264,0.5
"57",57,0.0856644830428774,0.0366270128546956,0.0701444841487901,0.0285272432954444,0.5
"58",58,0.0354789013899353,-0.0128084673581215,0.0723974470303118,0.0352756410695231,0.5
"59",59,-0.239812187430596,-0.103760409863717,-0.173478539371935,-0.0386584486839861,0.5
"60",60,-0.086852341921851,-0.113731152757924,-0.00857371172386038,-0.0174455070704965,0.5
"61",61,-0.00614508750774016,0.00203875341984198,-0.037720547232271,-0.00845680229319046,0.5
"62",62,-0.00198117629185846,0.0619730639709083,-0.0318914757640055,0.0292905377335344,0.5
"63",63,-0.0298064705490191,-0.0241400484181164,-0.008642280491465,0.00727165170552972,0.5
"64",64,-0.067844105583374,-0.1040885860168,-0.0308061826734471,-0.038905445789469,0.5
"65",65,-0.140836011737628,-0.0909767941276948,-0.0746401494961693,-0.0412989637273852,0.5
"66",66,-0.0431699986147808,0.00593184068153743,-0.068868789551451,-0.022759493850757,0.5
"67",67,0.0258746896275885,-0.0249425576259901,0.0886184186819229,0.0446191885119558,0.5
"68",68,0.0366915607573445,-0.0694461994488179,0.0472218502723721,-0.0334798570079652,0.5
"69",69,-0.0946834405174183,-0.00249284367537231,-0.0496197690614302,0.0355940935900885,0.5
"70",70,0.278383081766817,0.0502448485066753,0.211320000620484,0.0145495561300446,0.5
"71",71,0.0180174762021125,-0.059466066465313,-0.0544744605278875,-0.113523390963587,0.5
"72",72,-0.0790222607324712,-0.0606151448780355,-0.0526783246416241,-0.0448526588693768,0.5
"73",73,0.0407124208809578,-0.00334378301474023,0.0109821186820812,-0.0241001240316103,0.5
"74",74,0.162268761127183,0.0855675364921559,0.0551367434797557,-0.0110224832060993,0.5
"75",75,-0.0606744202524351,-0.0440517536039985,-0.0206925762110512,0.0224975243695827,0.5
"76",76,-0.0451407427005034,0.0182070726473603,-0.122829576855565,-0.0610086174791954,0.5
"77",77,-0.0475127600639871,-0.120634074022838,-0.0160506196184236,-0.065922985943483,0.5
"78",78,0.00726312242528804,-0.00110814663373296,-0.0820790225299802,-0.0484340785498227,0.5
"79",79,-0.00515046251890557,-0.0355657530508852,0.0166125976590169,0.00271156986951844,0.5
"80",80,-0.123004741697396,0.0742442784915357,-0.158921704487089,0.026937297431972,0.5
"81",81,-0.0528884750051127,-0.0256430985926727,-0.00834571480773095,0.0141505039939026,0.5
"82",82,-0.147425126065093,-0.0705606246151103,-0.163172877032816,-0.0823637351392985,0.5
"83",83,-0.0366482513623613,0.00209891512477586,-0.0410212961925138,0.0147047814071561,0.5
"84",84,-0.0344549521566678,-0.0281105254722959,-0.0245764622333348,-0.00208460959262588,0.5
"85",85,-0.122085762211311,-0.0348255162569811,-0.0123886591099165,0.0482178649837299,0.5
"86",86,0.00194462209606544,-0.0571112675966088,0.00377608242516967,-0.0389459163510994,0.5
"87",87,-0.00366247417911322,-0.0789566660448471,0.0017070169013043,-0.0577809123042655,0.5
"88",88,-0.0548078060918964,0.0178117666286578,-0.108764161783509,-0.0364156457356811,0.5
"89",89,0.0227504942726603,0.0247881389635986,0.0260894191300634,0.04678698691763,0.5
"90",90,-0.0255026244161782,-0.124957433326293,0.0190484223393711,-0.051723598227135,0.5
"91",91,-0.136373293267819,-0.0675353770682605,-0.0566205859413618,0.0262439192867538,0.5
"92",92,0.0682912331587803,0.0218031249802852,0.0649628613424379,0.0498805232599063,0.5
"93",93,-0.00306304964218,0.000450733589616323,0.0171380588360238,0.0102166442716995,0.5
"94",94,0.00468956549863588,0.00582172672468174,0.0127452972140856,0.0311902690909195,0.5
"95",95,-0.0367421490082553,-0.0696804286465402,-0.0177776845669194,-0.0386244893241462,0.5
"96",96,-0.301245110015129,-0.149305973073487,-0.212520472287414,-0.0708092890284613,0.5
"97",97,-0.0762244140930524,-0.0748323397347394,-0.051696919363754,-0.0545827932654093,0.5
"98",98,-0.0580875262279357,-0.0102323633527776,-0.0478978392875237,0.0100296710730724,0.5
"99",99,-0.0485891293247921,-0.0622311765493039,-0.00585725242092415,-0.0354890451842913,0.5
"100",100,-0.183007572276787,-0.0803940917938147,-0.106248175614037,-0.0165534370756292,0.5
"101",1,-0.03182949474178,-0.00226679496195289,-0.076699377535018,-0.0125963395645725,1
"102",2,-0.0545675564444248,-0.0194716335248369,-0.00142014700719864,0.033313340663082,1
"103",3,-0.0450811923522545,-0.122431450421846,0.0290265117578672,-0.0262419117107514,1
"104",4,0.00111589979859822,-0.115611753632452,0.0680678650612285,-0.023022860186047,1
"105",5,-0.0568972027081367,-0.0112058528295088,-0.0712157280432909,-0.0341670013878944,1
"106",6,-0.140492102443513,-0.0066067475727532,-0.0979665384557569,0.0121581615518244,1
"107",7,0.143395626714839,0.0255229260259325,0.140750587335321,0.0637137331705303,1
"108",8,-0.0372382715157756,-0.0448194679176868,-0.0693829332405572,-0.0326094305972765,1
"109",9,0.0811966162496021,-0.00638443502743916,0.0673597526428336,-0.0175108869368071,1
"110",10,-0.0620486842539714,-0.0940334614568179,-0.0419587018617011,-0.0391716221473891,1
"111",11,-0.0743341016846529,-0.0562977218029807,-0.0730126928549371,-0.0378676417574124,1
"112",12,0.0256270942411463,-0.0132908583300143,0.099377077686149,0.0756919819010005,1
"113",13,-0.0373330881196298,-0.000591692333204746,-0.0876201783965968,0.0238339271962561,1
"114",14,-0.0616980287700122,-0.0855924600722857,-0.095428742367442,-0.0488642568814595,1
"115",15,-0.0579191484803652,-0.0533939003964068,-0.0174275059279187,0.0154234638346877,1
"116",16,-0.158014448762853,-0.0782534060920961,-0.111793291204702,-0.0313902538468759,1
"117",17,-0.0540250635316077,-0.00490919235892628,-0.035418177655693,-0.000863312748670214,1
"118",18,-0.090659653805394,0.0142159447433347,-0.122430660015439,-0.0184732019487815,1
"119",19,-0.146498103351432,-0.0749516987662189,-0.114265346214958,-0.0209440165319249,1
"120",20,-0.169258155741153,-0.0727688482940239,-0.164354640856004,-0.0317586786555321,1
"121",21,0.172914432368591,-0.0180788975590101,0.0731457871979326,-0.000328622535611053,1
"122",22,0.163512415023314,-0.0377326765546751,0.184964929774155,0.0389835116368893,1
"123",23,-0.0796207242932714,-0.0601199813660967,-0.0653378235511736,-0.0203698635007322,1
"124",24,0.0193146090773521,0.0375214683380484,0.00877646415583089,0.0378054793871378,1
"125",25,-0.0412733305008721,-0.127638387634623,-0.0193688952295418,-0.0552531336962096,1
"126",26,-0.0307587602386672,-0.0676747682179722,-0.0285494244423987,-0.0507898814898932,1
"127",27,-0.00522600671767864,-0.0488070492825153,-0.0300892571382708,-0.0454771373168741,1
"128",28,0.0282894354292223,-0.00482430641436468,0.0188879167849572,0.0158465310441692,1
"129",29,-0.182432007710943,-0.0846931367573354,-0.173154781117301,-0.0228416052847785,1
"130",30,-0.0177298514302447,-0.031682521090556,-0.0161611493259392,-0.010649439032307,1
"131",31,-0.0086690340906751,-0.0274619120710022,0.0387911476227916,0.0167191576778289,1
"132",32,-0.0842660426819255,-0.0655908410175851,-0.107952402502028,-0.0418220315726211,1
"133",33,0.0875309992050784,0.00387059240280258,0.0383982695864597,-0.0237745489981241,1
"134",34,0.162755917117517,0.0242939286683208,0.138676378509478,0.0139061378091085,1
"135",35,-0.00529164007754701,-0.0839224121368776,0.0655429122072126,0.0163934654813905,1
"136",36,0.0617436916384884,-0.0371146210993266,0.019350110319218,-0.011815977092991,1
"137",37,-0.240173596158393,-0.168074556055841,-0.138997990459782,-0.0514353329147876,1
"138",38,-0.131483897909988,-0.0297999533853544,-0.119873106916886,-0.0305541584728413,1
"139",39,0.204683272228408,0.0187904585678505,0.158440562228323,0.0300065728066906,1
"140",40,0.0950348372100153,0.0493891060081699,0.0183824666126821,-8.40042070277295e-06,1
"141",41,-0.039121398748285,-0.00200666525908638,0.0133268489374475,0.0337582553868455,1
"142",42,-0.0774675020059729,0.00213706453024926,-0.0738271317516817,0.0160034661494436,1
"143",43,0.032813047652571,-0.0611679162112862,0.0880374412137438,0.0100659316975735,1
"144",44,-0.0223505126785653,-0.00173751286059221,0.0297046074111274,0.0347001236861091,1
"145",45,0.0327164665605462,-0.0331429050225943,0.0675275158152302,0.0134243771620533,1
"146",46,0.065866813259576,-0.0762711449492879,0.11308690302664,-0.00852968455721038,1
"147",47,-0.0444587610388465,-0.0593423692524244,-0.0318935799451827,-0.0103052739942592,1
"148",48,-0.120314751270772,0.00980945042108833,-0.0513548827750007,0.0269513643045852,1
"149",49,0.0489061509176597,-0.11435188335315,0.0735124789181442,-0.0692678383139005,1
"150",50,0.0176467974086138,-0.0233010962685942,0.0959792603138755,0.00996880158913196,1
"151",51,-0.0321424909360419,-0.0677756446739031,0.0181799392973226,0.0153001685843692,1
"152",52,-0.0635930546877798,-0.101628731586312,-0.0411342689654249,-0.0477066395748398,1
"153",53,-0.0234800073232177,-0.0172999361370755,-0.0325422402919799,-0.0171628678528579,1
"154",54,0.00799871436935767,-0.0185425970055868,-0.00747504129552156,-0.00435077466623301,1
"155",55,-0.00659098492626894,0.0103906665372253,0.045216258114109,0.0577028142179909,1
"156",56,0.0623567820065739,0.0458466136430616,0.0697385258832361,0.020545651160675,1
"157",57,-0.0431379879219036,0.0266561930514791,-0.0336342011662984,0.0671957970873652,1
"158",58,-0.0755851539802867,0.0130535182346494,-0.0539784300118927,0.0661737049381725,1
"159",59,0.10834344980057,-0.0102625544322394,0.101712691471039,0.000139567809113679,1
"160",60,-0.0235623202256813,-0.0334835151622662,0.024470778606651,0.023501300115414,1
"161",61,0.0453838677036816,0.0281367899648587,-0.0162940542375168,-0.00333878693992391,1
"162",62,0.214464428089995,0.0594792856613751,0.144864814777862,0.034311737987721,1
"163",63,-0.115485179461335,-0.0654104384353014,-0.0896203145849523,-0.0301494581409043,1
"164",64,0.0393795111899679,-0.0323372116090173,0.0294970814040207,-0.0360125861661605,1
"165",65,-0.153003986717585,-0.0941441951117034,-0.12007748059125,-0.035562842626161,1
"166",66,0.0324116904540136,-0.0643823717785485,0.109328892515305,0.00896459419236037,1
"167",67,0.1814389697412,-0.0214791572461666,0.122594951504592,-0.0189382086582198,1
"168",68,-0.161803004518278,-0.00408758843158216,-0.102997752181295,0.0328464473049806,1
"169",69,0.117739337996255,-0.0385141627833003,0.138893822223914,0.0433097442406333,1
"170",70,0.304412196785598,0.014824799407424,0.218880680592316,-0.000268455267308884,1
"171",71,0.017036647360567,-0.0111058340283181,-0.0182868883340133,-0.0187184165427745,1
"172",72,-0.0867080840898385,-0.0139281685357462,-0.122004581570512,-0.0293035268092991,1
"173",73,-0.00802112272040684,-0.0116733909570098,0.0391801585932951,0.0298856894899995,1
"174",74,0.15007228786133,0.019964346014464,0.127006780353165,0.0271295840940815,1
"175",75,-0.111007187693542,-0.0764613087620716,-0.0395695721614982,-0.016180564002699,1
"176",76,-0.00887420332854194,-0.0976274951657151,0.0204790794299734,-0.0396277784983233,1
"177",77,-0.0543309133698792,-0.0778323962886554,-0.0529120056980413,-0.0319845854613147,1
"178",78,0.0313197888712962,0.0560896597368685,0.0280657469601855,0.072082570454861,1
"179",79,0.0363283065371665,-0.00603030505140476,0.017399000683796,-0.00227834519392697,1
"180",80,-0.0505902880308079,-0.0607805722492757,-0.0629222443107294,-0.00929905200341902,1
"181",81,0.186439458455947,0.109750621847786,0.155796980492923,0.0922574199909667,1
"182",82,0.0543956939584888,-0.014582274330684,0.12141261026964,0.0668544510792298,1
"183",83,0.10228111203611,-0.0668126259825985,0.10466236020242,-0.0369430506142314,1
"184",84,-0.0151667763769237,-0.112392642167159,-0.00610825635724634,-0.0567761821866626,1
"185",85,-0.0219724778550674,-0.00988560237673231,-0.0273603013390659,0.0166883467352945,1
"186",86,0.00287607978481885,-0.0467173654185783,-0.0149283055171695,-0.0237414562505688,1
"187",87,-0.101160382940155,-0.0840235361040371,-0.055205784940793,-0.0317871406293851,1
"188",88,-0.0387673904979154,-0.0516064413453779,-0.0556130644051605,-0.0115123349615268,1
"189",89,0.0749241876045994,-0.0297169927176859,0.0865892250881177,0.0173792850731847,1
"190",90,-0.18665526916798,-0.0577709338619421,-0.209412027067988,-0.0525237778018845,1
"191",91,0.0177319735081307,0.0116739183657517,-0.0533513955888319,-0.00930559720277692,1
"192",92,-0.108944552497414,-0.0310274986462326,-0.0249873025096036,0.02833687297963,1
"193",93,0.108713866201583,-0.0301367632122314,0.127163356484524,0.0265696996426196,1
"194",94,-0.0512659034538595,-0.0656937684861897,0.0448505851473936,0.0200818546404396,1
"195",95,0.0723736533191573,0.00716880060213096,0.0499096500713605,-0.00837998254837736,1
"196",96,-0.192599838324625,-0.0434501829433762,-0.148250955404739,-0.00959631241359154,1
"197",97,-0.0162271803746152,-0.00432175382852745,0.0294895362187963,0.0563984293372275,1
"198",98,0.114802109633497,0.000547608925988874,0.0548336573694066,-0.00447852395708312,1
"199",99,-0.0709589787287481,-0.062798862018916,-0.0419770035494471,-0.0189315371486335,1
"200",100,-0.0209804341017232,-0.0359032147432224,0.00827368012247058,-0.0103940366464572,1
"201",1,0.0416987258249996,-0.0642907519077969,-0.0183810109749805,-0.0469517099182864,1.5
"202",2,-0.0858300919807482,-0.0279629450362863,-0.0378228117701067,0.046157529661362,1.5
"203",3,-0.0075803306964396,0.0250402765188077,-0.0664485954294756,0.0155936350892363,1.5
"204",4,0.0663292323463237,-0.00980353090945885,0.0555737504818122,0.018514704983014,1.5
"205",5,-0.10055707628475,-0.022284211537365,-0.113582023401625,-0.0174957970820433,1.5
"206",6,-0.217439419625679,-0.0155001082721798,-0.122087534416846,0.0207870494330443,1.5
"207",7,0.0530949804905643,-0.00707302737470017,0.0202380386649871,-0.00313409227325885,1.5
"208",8,0.101916363066521,-0.0474265449920185,0.0825112654468975,-0.000328697813780088,1.5
"209",9,0.199175000317097,-0.0809109810355075,0.197815767052574,-0.0117318189795764,1.5
"210",10,0.00659833951130012,-0.0445715343075602,-0.0388842633194986,-0.0612394211188431,1.5
"211",11,0.177498025337413,-0.00527853189161703,0.179044661649791,0.0428032305748745,1.5
"212",12,-0.0237682244519212,-0.0621029848006445,0.0170043693189671,-0.0199249104669331,1.5
"213",13,0.0139120414967362,-0.0141470114524553,0.00331891574710131,0.00169169895241497,1.5
"214",14,-0.118663705012427,-0.0656442353294694,-0.0556840916977805,0.0130985018130306,1.5
"215",15,0.0549538352256374,-0.0257308521288707,-0.0269078457499602,0.000560426941410397,1.5
"216",16,0.0768773101229917,-0.0375169084618351,0.0875231715999626,0.0291241447174245,1.5
"217",17,0.0437275552197213,-0.0536531782968195,-0.00522397864934873,0.00878933903155318,1.5
"218",18,0.0314513504176105,-0.0417012223514603,-0.0215884500321895,-0.034863181425896,1.5
"219",19,-0.0444791901570614,-0.0653854280523198,-0.00690953990976769,-0.00454587267947229,1.5
"220",20,-0.127406532353143,-0.0149306989686092,-0.086810172918338,0.0180243813123909,1.5
"221",21,0.105652771758709,0.0398904022207189,0.0123719741772918,0.0158798665091543,1.5
"222",22,-0.0756596002126436,0.00131978018099105,-0.092518659701946,0.0282469967332798,1.5
"223",23,0.0378568349407574,-0.0576827990028869,0.0567903500977142,-0.00899186892271637,1.5
"224",24,-0.00343011950550048,0.00830905282217148,0.0170861666164416,0.0340800025564856,1.5
"225",25,0.0192226983441706,-0.085925079813877,0.0308321057074676,-0.00402604007038531,1.5
"226",26,0.0987488676778823,-0.0752235483742889,0.0897946704865964,-0.0221095079449485,1.5
"227",27,0.169564365829322,-0.0220997609271337,0.041065941808795,0.00351204668082231,1.5
"228",28,-0.00970771646735785,-0.0168668839370297,-0.0440029676833085,-0.0049464072477442,1.5
"229",29,-0.0314695277358759,-0.0890648805883297,-0.0294484424402302,-0.032173293181715,1.5
"230",30,0.0894644730520142,0.000291652082453298,0.0436694855189878,0.000318527618014619,1.5
"231",31,0.174656158892671,0.0205956190674665,0.0925790718025173,-0.00155880936528106,1.5
"232",32,0.0799947420933035,-0.0198565345574092,0.0516219640014323,-0.0166602362658253,1.5
"233",33,0.134437733198309,-0.0187092625084908,0.15240811346792,0.00850937788426919,1.5
"234",34,0.06941667368279,-0.0560588197983163,0.0554889839170854,0.00235059042393833,1.5
"235",35,-0.154684267209057,-0.0738233880590802,-0.107852016662538,-0.0139658993068445,1.5
"236",36,0.346255850815763,0.0226361272193648,0.227937221253508,0.0165994056162418,1.5
"237",37,0.0644986454407023,0.0218835787720032,0.00606564203020483,0.0253882642072846,1.5
"238",38,-0.065819282751553,-0.0794454654675015,-0.0355504380405778,-0.0505626266261918,1.5
"239",39,-0.0460459837418017,-0.0794675003744557,0.030834434008153,0.033110814767214,1.5
"240",40,0.00737634228287271,0.025908062863605,-0.0234901186184301,0.0427547143244121,1.5
"241",41,-0.167056590670797,-0.028883306985535,-0.166825056304202,-0.0117068750448295,1.5
"242",42,0.00457746776141837,0.00817420768429011,-0.00661268834155447,0.0193051181032814,1.5
"243",43,0.00246840559001488,-0.0985423688042192,0.0020907079329193,-0.0322667023061022,1.5
"244",44,0.0802581428958076,-0.104482378675595,0.0794779511657787,-0.00560420548182487,1.5
"245",45,-0.162646763367626,-0.125287791128725,-0.102017175987259,-0.0422048843638878,1.5
"246",46,-0.198694306419353,-0.0377539513304684,-0.108867606917654,0.0356393817031394,1.5
"247",47,0.219199784279955,-0.0397272187420605,0.149914868088059,-0.00675605676723896,1.5
"248",48,0.0810823652849078,-0.00431749197544506,0.105480352838253,0.0406241393944447,1.5
"249",49,-0.0766780184251592,-0.00168639278928456,-0.0761924449099143,0.042528984148037,1.5
"250",50,-0.026502849076422,-0.0633816331858646,0.0552094680793905,-0.0220484681549043,1.5
"251",51,-0.114075676467017,-0.0286135442168908,-0.0738896996248509,0.0279102962782859,1.5
"252",52,0.106731553750717,0.0359365540009985,0.0521970963674256,0.0130684643045672,1.5
"253",53,-0.023899968193896,-0.0598003619731204,0.0202782869953357,-0.0216560012559193,1.5
"254",54,0.0343606184035918,-0.0597851920961651,0.069779325607113,0.0296037157845722,1.5
"255",55,0.186627302750331,-0.0457313892898717,0.102812481017965,-0.00252162994746399,1.5
"256",56,0.111727187625026,-0.0149099681502107,0.0871675120685221,0.021180896690222,1.5
"257",57,-0.00757322570755076,-0.0627196005726032,-0.00378518295609244,0.00729072137945577,1.5
"258",58,-0.226508022290671,-0.0895464018331539,-0.0933198466139773,-0.0141518527203913,1.5
"259",59,0.0576640187557823,-0.0421870928987252,0.0231326030897171,-0.00442561106823805,1.5
"260",60,0.00893623121094478,-0.047602819709136,0.0128649692129851,-0.0176308439577867,1.5
"261",61,-0.0535414326721248,-0.0851852488400116,0.0319465742019115,0.00490527952984961,1.5
"262",62,0.112078352403015,-0.0544285074402963,0.0196112571937265,-0.0469887203216928,1.5
"263",63,0.206832559196467,-0.0276488861856328,0.106349849545389,0.0145038882412249,1.5
"264",64,0.0888605371817222,-0.0438934729010362,0.165750613416884,0.0277557880406488,1.5
"265",65,-0.0721276448011134,-0.0264426387948262,-0.00387177316557355,0.0129772550430052,1.5
"266",66,0.170805120217305,0.00321743515124256,0.105528818035265,-0.0095579741598374,1.5
"267",67,-0.165602659682807,-0.070639705032929,-0.126432445392431,-0.00657559918369904,1.5
"268",68,0.0137678091089663,-0.114833618428787,0.0479214781835422,-0.0381788285233924,1.5
"269",69,-0.158888129697809,-0.0445562346773686,-0.0301953187532836,0.0310516593537458,1.5
"270",70,-0.0419277757229973,-0.0181961573377254,0.0162803894778974,0.0377225988471954,1.5
"271",71,0.0913966736235534,-0.00662476794767364,0.102658867156469,0.0347857281200492,1.5
"272",72,0.0774865602762417,-0.02800791497743,0.0870025679995793,-0.00162248290349841,1.5
"273",73,-0.00948728592838366,-0.075283631602396,0.0161930844507922,-0.00542712670235821,1.5
"274",74,0.114130980737749,-0.0299997239320877,0.0609909675665163,0.00341924611915531,1.5
"275",75,-0.0451530483466399,-0.0910301502368112,0.0121394616678572,0.00473242170958008,1.5
"276",76,-0.0742355863202732,-0.0363526729911913,-0.029895798596288,0.0278685877275523,1.5
"277",77,0.0616310087493617,-0.0540675550785778,0.0132135764149048,-0.0219216638598018,1.5
"278",78,0.0812403974461058,-0.00349993089938444,0.10282120433417,0.046614222355342,1.5
"279",79,-0.026991808200071,-0.00793762300812495,-0.058259418241987,0.00978839478058704,1.5
"280",80,-0.181508477454556,-0.129578216418605,-0.0975628184890025,-0.0279601626032613,1.5
"281",81,-0.0675101365403288,-0.03494908913237,-0.129769125144882,-0.0265248185241756,1.5
"282",82,0.0790451793201318,-0.0606431748442721,0.0633521481598344,0.0325130103368425,1.5
"283",83,0.161411904596841,0.0319101787893267,0.0672901139197605,0.0414696425101078,1.5
"284",84,-0.120798580933904,-0.0836449755087776,-0.130141907807875,-0.0151740542392891,1.5
"285",85,-0.0115905274571492,-0.0762096638295088,0.0239066272997385,-0.00841347084172697,1.5
"286",86,-0.181932614799585,-0.0689314480400467,-0.133568336760953,-0.0186147730161874,1.5
"287",87,0.195251713848863,-0.0690607104947522,0.220965936235751,-0.0016566216985774,1.5
"288",88,0.134288649621406,-0.0591899320518344,0.113800767830448,0.00519543297727259,1.5
"289",89,-0.0839280080197075,-0.0515666301444045,-0.060775764265604,-0.0207625503361641,1.5
"290",90,0.0843034656197246,-0.0253879141910618,0.0677172544497931,0.0012165084829902,1.5
"291",91,0.130283343320937,0.0164358732372928,0.0449292528451681,0.00263398070999579,1.5
"292",92,0.023845716705222,-0.0214367572436642,0.00764048417174312,0.0143674468142382,1.5
"293",93,0.0446611640657267,0.000854601967603119,0.0160095181740477,-0.00213423828210216,1.5
"294",94,0.0457126252423389,-0.108322362875611,0.0861046168428626,-0.0178179581532505,1.5
"295",95,0.228665312230203,-0.00594981727420357,0.149782522553502,0.0561667896499953,1.5
"296",96,0.0091129662005916,-0.0313273858952479,0.0509569621348602,-0.00125704792144847,1.5
"297",97,0.208903216424851,-0.00846306544582276,0.10523013496039,-0.020489232740611,1.5
"298",98,0.115407727399268,-0.0361499100539538,0.137005038850382,-0.014024511742019,1.5
"299",99,0.243752561593939,-0.0405234121898107,0.153297247877568,-0.0030505524491553,1.5
"300",100,-0.106339530351956,-0.0133488388384869,-0.084526685513494,-0.0208376627047157,1.5
"301",1,0.135129189598134,-0.00587071994255411,0.0752417251147478,0.0105013860527949,2
"302",2,-0.0650068168215945,-0.0306076862926477,-0.0740823024575054,0.000442000327941882,2
"303",3,0.201950506463205,-0.0342828294228698,0.157229783792667,0.0121786174845673,2
"304",4,0.0939030424107236,-0.00679021432358023,0.0442175063401366,0.0270682396320267,2
"305",5,-0.0234035858790019,-0.0537279225030367,-0.026721649067165,-0.00213257632721189,2
"306",6,0.200677619776364,-0.00838399756812613,0.104956752338362,0.00722603730702869,2
"307",7,-0.152536812848797,-0.0113466489102941,-0.0250606291850635,0.0251464447771545,2
"308",8,0.15675617077079,-0.0412897466270882,0.072340015757764,-0.0159150126728405,2
"309",9,-0.134717272951062,-0.0761794253872943,-0.173903276891864,0.0124520380837308,2
"310",10,-0.0623787308225496,-0.0948939603085864,-0.0389160903455088,-0.0187558463719118,2
"311",11,0.0108070502940101,-0.0326863727574438,-0.0261413877207708,0.012293931542729,2
"312",12,0.00417197333116714,-0.0196324643580131,-0.051590149560412,-0.0112807171447595,2
"313",13,0.159486037127209,-0.0533521301295221,0.0682761509982604,-0.0406713061604718,2
"314",14,0.163336604913877,-0.070668150150159,0.0507594237155293,-0.0377619142742564,2
"315",15,0.124730070388414,-0.0183726547862162,-0.0177427493060808,0.0124928294259357,2
"316",16,-0.0753116380639867,-0.0545997969398281,0.0661878870477589,0.0170423164506819,2
"317",17,-0.0501822274721168,-0.0820261418221959,-0.0265598106057055,-0.000748090737402958,2
"318",18,0.100456608749428,-0.0549607367365728,0.0288886847511758,-0.019162350594929,2
"319",19,0.0792365550690586,-0.0456450968301698,0.0728411687343258,0.0139367844892161,2
"320",20,0.057919224673451,-0.0546941220578563,0.0308329359660934,-0.0034997566995004,2
"321",21,0.0878589707471183,-0.0551054478721889,-0.0166083201985571,-0.00232560016401038,2
"322",22,-0.174275293529287,-0.034299462582769,-0.128925880907545,0.000448173539315828,2
"323",23,0.037830670025033,-0.00976932181998136,-0.0122379215828432,0.00216343330522861,2
"324",24,0.043173045212624,-0.13015830281591,0.01663432793995,-0.030303725203293,2
"325",25,-0.219776883649217,-0.0787970970787769,-0.0830096248899862,0.00712625376273642,2
"326",26,-0.327238979576309,-0.069605752629499,-0.175946474406133,-0.0206245547073516,2
"327",27,-0.115834683164091,-0.0220356619782937,-0.0494722696121362,-0.00741753547880104,2
"328",28,0.0422855807711754,-0.0659777679960457,0.0336236693807099,-0.011817394932167,2
"329",29,0.0799170534886213,-0.105535330880475,0.030222579004936,-0.0296985167803394,2
"330",30,0.176717986501572,-0.0975399641231425,0.0801722688271856,-0.0427047075152823,2
"331",31,-0.150871106928732,-0.0523434676542802,-0.0530799847703772,0.00736803228001979,2
"332",32,-0.0812147154488631,-0.0137805139766028,-0.0500216340334416,0.0332240687311672,2
"333",33,-0.00266453333128464,-0.0659031901201068,-0.00300836458272365,-0.00903800286568091,2
"334",34,-0.012597758989581,0.0174582691763467,-0.0203746379977115,-0.00781227807416778,2
"335",35,-0.0301566104071209,-0.00823747512791689,-0.0314870440671614,0.00278773097383441,2
"336",36,0.0854003149808726,-0.0527183150150275,0.0362876773324523,-0.00330679785283531,2
"337",37,-0.0911864005788536,-0.0690615064115633,-0.10802628737561,-0.00723596424044898,2
"338",38,-0.159565082506636,-0.0693444413157133,-0.0238079576487076,0.0144847985302826,2
"339",39,-0.14812219028441,-0.0846574875544364,-0.0571596365457095,-0.0133250750971035,2
"340",40,0.246942996733346,-0.019484107791782,0.0998777398132936,0.0178171838196908,2
"341",41,0.0102697642240273,-0.108205178063987,0.0089126275008689,-0.00877298447311923,2
"342",42,-0.0678089640369985,-0.0880542661166333,0.0171204658214691,0.00509212905230362,2
"343",43,-0.144886640631026,-0.0555275317568735,-0.0729709508585972,-0.00709313738797727,2
"344",44,-0.0722707460330098,-0.0464182420142782,0.00340814328129375,-0.0185878262158539,2
"345",45,-0.021163484599628,-0.0850027181323093,0.00837693212712839,-0.0118004745032381,2
"346",46,-0.167718178803635,-0.061937434619828,-0.155267057000074,-0.0127997124404883,2
"347",47,-0.0261039606468877,-0.0292198955129229,-0.0609413529649189,-0.0150982252850708,2
"348",48,-0.0662414785408587,-0.083918062444692,0.0605888043945444,0.0173616002778279,2
"349",49,0.109565266116312,-0.0649020066482552,0.00544363477913952,-0.00505055461857442,2
"350",50,0.0676078115504534,-0.0158055280684806,0.0684869880366044,0.030001422345639,2
"351",51,-0.0195438322109732,-0.0624684045013551,-0.00697875797816361,0.00649541053221505,2
"352",52,-0.0936633264193462,-0.0256963530504179,-0.0390842056919458,0.0112156599909844,2
"353",53,0.0462086636140266,-0.0217981524553937,0.0770007485867893,0.0325242773751999,2
"354",54,0.0322942064455136,-0.0138398410543073,0.0230145803559568,0.0100549479364444,2
"355",55,0.288705458245467,-0.013555739070029,0.180426892337935,0.0196512749121976,2
"356",56,0.151672129463885,-0.016135320574541,0.142152200620737,0.0153397992596603,2
"357",57,0.00182444476887528,-0.0301693287452168,0.0336874271956995,-0.0272346732612412,2
"358",58,0.20399949801097,-0.0583609294429334,0.203462537223604,0.0375071810353657,2
"359",59,0.192205462187175,-0.0175356308382627,0.0468920823333018,-0.0130146658317882,2
"360",60,0.0140434745480967,-0.118181772302603,0.098963871035861,-0.00494742680821252,2
"361",61,0.105528110023382,-0.0255351619906593,0.021124713945636,-0.0163015724978932,2
"362",62,0.163415772445005,-0.00562012821297042,0.101741867173309,0.0351309600062314,2
"363",63,0.186590820044574,-0.0466988935135021,0.202497034514105,0.0276103105760388,2
"364",64,0.210320072892758,-0.01192293150774,0.0535248861843093,-0.00949853026559189,2
"365",65,-0.0793313291907607,-0.0814113118995551,-0.00245284962586127,-0.0113768110736701,2
"366",66,-0.0524646004164386,-0.061598564107617,-0.0449660374963951,-0.0391959263934531,2
"367",67,-0.0199108119813053,-0.0426474557852446,0.0374214372429531,0.0170609829113494,2
"368",68,0.0678160277887843,-0.0804994627325571,0.0373914406537998,-0.0118793690336201,2
"369",69,0.188427927674654,-0.0645129311770489,0.0878282535772521,0.0113615256268,2
"370",70,0.0438246904243856,-0.0874192215770652,0.087851231457311,0.00834527354236067,2
"371",71,-0.0770132637506873,-0.0607730623846523,-0.102810112466132,-0.000908728023781336,2
"372",72,0.124914170507578,-0.0311356335057263,-0.0462267983082211,0.0038708069511487,2
"373",73,0.134634443376583,-0.0921338887577987,0.0851229795198966,-0.0234834251680273,2
"374",74,-0.185130019742624,-0.0381263632129522,-0.160497640848263,0.0183718209871059,2
"375",75,0.206341593253135,-0.01031251993136,0.108890842921835,0.0252394516299897,2
"376",76,0.00123676571299486,-0.0452281516297466,0.0301467648872253,0.00824796236689752,2
"377",77,-0.0984514616731646,-0.0707088024948258,-0.0440474879074369,-0.0176454786184727,2
"378",78,0.20178554379582,-0.0701137582311626,0.0773509235044243,-0.0223162083927675,2
"379",79,0.252306350123175,-0.0731006917807187,0.162696352689259,-0.0424127957869308,2
"380",80,-0.000970459231979748,-0.0990018271906205,-0.0366076567266625,-0.00824309076460976,2
"381",81,-0.0433658126072908,-0.0352430576939825,-0.0987815249155507,-0.0258556396361594,2
"382",82,-0.0679186032369934,0.0217146602289821,-0.0601913343564772,0.0258386698802879,2
"383",83,-0.0029782232909249,-0.0364304940519352,0.0644682386637598,0.0202875716699068,2
"384",84,0.107090237665219,-0.066118539202317,0.073509453618286,0.0139318791435796,2
"385",85,0.357492021811703,-0.0360504326614979,0.20750711976297,0.0227341855915746,2
"386",86,0.156753062672688,-0.0522795221782976,0.100787768298006,-0.0249911282201571,2
"387",87,0.204889274502519,-0.0381072274930636,0.156474488046865,0.00630428613319553,2
"388",88,-0.218032995931012,-0.0736287841660704,-0.176100929514224,-0.0416581627374404,2
"389",89,-0.374406093742958,-0.0965399995259118,-0.117733177127428,0.00609552481535131,2
"390",90,0.0624404298304151,-0.0677172369842231,0.0304659845473417,0.0102241875298169,2
"391",91,0.174682728081486,-0.0705980557918308,0.0760249075392946,0.00390258227780998,2
"392",92,0.0206392108818935,-0.0195916245533219,0.0228691495213043,0.0105668739818253,2
"393",93,0.330252281246662,-0.000695365935586723,0.226928581542471,0.0153985857700697,2
"394",94,0.0110121006200575,0.0103953692046666,0.0930690830532576,0.0387289970823553,2
"395",95,-0.0262246152500088,-0.0188864987601408,-0.00983215011073062,0.0180704834598973,2
"396",96,-0.00541894165118217,-0.0737541887564115,0.00366787662649348,-0.0207870832566066,2
"397",97,-0.0649524852138317,-0.0343491328401268,-0.0480035086249999,-0.00762370822920396,2
"398",98,0.206344480846932,-0.0513826513793258,0.130868608922685,0.0228846611828145,2
"399",99,-0.264884389973732,-0.0604859469297053,-0.17299543130977,0.0163723287724965,2
"400",100,0.118185027552764,-0.108129927709861,0.0560690750038674,-0.0241969241116249,2
"401",1,0.0386632161634545,-0.067075526775579,0.0539074332057771,-0.00520872066585859,2.5
"402",2,0.0975453421021384,-0.0700416312283997,0.102197404787105,-0.00946797618398099,2.5
"403",3,-0.185849399745296,-0.0313739093958217,-0.141720615962377,-0.00810140958456875,2.5
"404",4,-0.0669907803402857,-0.0925607019039767,-0.010410444009251,-0.0175049435899314,2.5
"405",5,0.0195669047622046,-0.0661044186221214,0.0442147921874699,0.0109015265324492,2.5
"406",6,0.111191675695608,-0.0622342754962671,0.197621372608873,-0.0263230114999871,2.5
"407",7,0.148250090140277,-0.0588022561453109,0.122749368592428,0.0112509759793565,2.5
"408",8,-0.066332037668728,-0.0731117820517238,-0.0417096585357448,-0.0121254224844599,2.5
"409",9,-0.0724448401327793,-0.00796678419992347,-0.0821661191362447,0.0316527728614878,2.5
"410",10,-0.184566491972677,-0.0720646905429697,-0.0184091996925557,0.00229829679203757,2.5
"411",11,0.096062172536733,-0.0814758558276156,0.131181935380766,-0.00140382745546923,2.5
"412",12,-0.0646244610850737,-0.0674206634184404,-0.0391816702839085,-0.00186707259471018,2.5
"413",13,-0.316200899888774,-0.0647440081399103,-0.124469728036705,0.00252446102116484,2.5
"414",14,-0.0285848355061264,-0.0763247518210233,-0.0150527282871071,-0.00535433422707353,2.5
"415",15,-0.339616821151248,-0.115082935662723,-0.190484333342619,-0.0133029972935568,2.5
"416",16,0.217546482815903,-0.0619169103599145,0.0438744352703202,-0.0114877298700353,2.5
"417",17,0.0937381912815942,-0.0470776140480678,0.0162838907348418,0.0197428046640187,2.5
"418",18,-0.135561059701558,-0.064354487474566,-0.0234563575821297,0.0223078884273262,2.5
"419",19,-0.00392778558872409,-0.0343399389763404,0.0443221262376021,0.0326681431861474,2.5
"420",20,0.186523770130679,-0.0485657345942708,0.0188935595984486,-0.00327987847043342,2.5
"421",21,-0.291829861687531,-0.118237177693277,-0.0867807115193362,0.00750040362997389,2.5
"422",22,0.149475714205459,-0.0772489922005445,0.116173714191296,0.0127370793379835,2.5
"423",23,0.282301504817692,-0.0106584511939212,0.216992646525159,0.0194368299221365,2.5
"424",24,0.133299648130718,-0.0914938225679491,0.106285037641707,-0.0264237041437697,2.5
"425",25,-0.0959911246181804,-0.0459536918537982,0.0293371827493752,0.0107539548612937,2.5
"426",26,-0.091155050984472,-0.0701781719341352,-0.0688505822847136,0.00521592410769122,2.5
"427",27,0.0816622167065065,-0.0466403153035682,0.0646550288228796,0.00133052913356835,2.5
"428",28,0.0591770781953116,-0.00641832437862466,0.133486869819437,0.0234983345641187,2.5
"429",29,0.0601471230511961,-0.0551106543786165,-0.0230417906157058,-0.00733994387970119,2.5
"430",30,0.0304044161235076,-0.0758347562077805,0.0124711719591393,-0.0144526746395152,2.5
"431",31,-0.0909470292227322,-0.0656088809668182,0.0143126658935873,-0.021387201829888,2.5
"432",32,-0.0647184282300385,-0.0428781137269952,-0.00125244155446083,-0.00541290776029214,2.5
"433",33,-0.227749070753555,-0.0536479748078988,-0.0353571662574228,0.0148366336383578,2.5
"434",34,-0.140045214216406,-0.0353858035294168,-0.0467669872335145,0.0165408464331611,2.5
"435",35,0.0827502581503575,-0.0639441041451201,0.0383698540344837,0.00621418959451693,2.5
"436",36,-0.384130705814107,-0.155640250270085,-0.217006577597928,-0.0381179481160627,2.5
"437",37,0.202555693864922,-0.0946854651817349,0.154989061350068,-0.000389834064537107,2.5
"438",38,0.104088343783057,-0.0468547724975643,0.0314299890127953,-0.002399288520844,2.5
"439",39,-0.292680090486764,-0.032827675003352,-0.146078704014362,0.0162054996571028,2.5
"440",40,-0.246763379612556,-0.0932946602741309,-0.181871789547834,-0.00953165914530228,2.5
"441",41,0.0180750912536949,-0.0354031105177576,-0.00945651382520692,0.00514240715954959,2.5
"442",42,-0.180096693948202,-0.0899563285964473,-0.149441658980329,0.00390384545819299,2.5
"443",43,-0.0147708014211747,-0.0825678996715563,-0.0419629901620234,-0.00376481291735,2.5
"444",44,0.00114763986075028,-0.0631330942738463,0.0087175369370871,-0.00226321646699688,2.5
"445",45,-0.133629036984486,-0.013132882362682,-0.0706928759485219,0.029068911958527,2.5
"446",46,0.0395561455524189,-0.0686718059324132,0.0678533576698648,-0.00851312452004593,2.5
"447",47,0.0533044722103677,-0.0635074921904401,0.0226810997228371,0.00220812406686039,2.5
"448",48,-0.0681288607533029,-0.0970022963170821,-0.0720887001572294,-0.00615438555306521,2.5
"449",49,0.0395801202937848,-0.00676071780188103,-0.0810686099779438,0.00274188914642791,2.5
"450",50,-0.188378087268097,-0.066067835085964,-0.14623143112199,-0.00383843507799896,2.5
"451",51,-0.0599290487659166,-0.0706844135586733,0.0290813463364821,-0.00757280561940655,2.5
"452",52,0.0174426296791005,-0.0483666611187158,0.051748648898378,0.00276931294887211,2.5
"453",53,0.166276337139394,-0.10783038625503,0.0175118438078904,-0.00592317620362099,2.5
"454",54,0.123516625164489,-0.087603210608323,0.0619570470540924,-0.00262200879871527,2.5
"455",55,-0.0480377731830999,-0.116268439273758,0.0166358791943329,-0.0291552197405965,2.5
"456",56,-0.17144113433136,-0.0985951345679206,0.0104235620603392,-0.0189737901983184,2.5
"457",57,0.194385524405754,-0.0342105029575193,0.094502748039656,-2.18459385763915e-05,2.5
"458",58,-0.21341565082256,-0.0284275501089383,-0.062341188115658,-0.0111158452030659,2.5
"459",59,-0.0540299718397662,-0.0881179921884186,0.0248765133198341,-0.0151300916703289,2.5
"460",60,-0.0138775051263472,-0.0949929042426778,-0.0679846303211195,-0.0384822705455855,2.5
"461",61,-0.0332875109775496,-0.0842216664599146,-0.140629127469271,-0.0371118263254643,2.5
"462",62,-0.134129763129255,-0.0688102419101959,-0.00495688983098443,0.0201414475599684,2.5
"463",63,0.00406193225514218,-0.0855939525795319,-0.0772312707821547,0.00614820777377593,2.5
"464",64,-0.195357817624943,-0.137162469887419,-0.111842353956971,-0.0389635330587062,2.5
"465",65,-0.360360905732481,-0.107180952302256,-0.157396493803691,-0.0192428318505839,2.5
"466",66,0.158671872528729,-0.0149350739662414,0.0419347508392264,0.023167803681761,2.5
"467",67,-0.345799076597885,-0.0481542312578694,-0.193990827455658,0.0309690486701965,2.5
"468",68,-0.0615158248178786,-0.0353438310403457,-0.0502049397369834,-0.00133488668086781,2.5
"469",69,-0.0990133256550807,-0.081389940982532,-0.100741760058595,-0.0261520386104226,2.5
"470",70,-0.153485463972402,-0.0358347436456081,-0.100762272398791,0.00563060445065407,2.5
"471",71,-0.0270917745865911,-0.0637539611391343,-0.0043607638091335,-0.0177336061890688,2.5
"472",72,-0.00972971347661411,-0.0392194531277812,0.0138666017533974,0.0235284105200809,2.5
"473",73,0.040016874962299,-0.115495915837779,-0.0259877936476904,-0.0238759992094516,2.5
"474",74,-0.12161127547916,-0.0950888170065732,-0.0531790474395322,-0.000942166471358599,2.5
"475",75,0.157088354544537,-0.0557043164380744,-0.0388944041683743,-0.0298710125820518,2.5
"476",76,0.0411261561192632,-0.0644247369275954,-0.012865193050307,-0.0121066158597616,2.5
"477",77,0.121505167389487,-0.0554048361790318,0.156688729327441,-0.0240957056055641,2.5
"478",78,-0.254613109402028,-0.0759505789050675,-0.209228273942393,-0.044826289201454,2.5
"479",79,0.331932069017057,0.0289906735153767,0.160425401925848,-0.0202398848570043,2.5
"480",80,0.180978843156054,-0.0225963482381934,0.000969368090303228,-0.00109553915411289,2.5
"481",81,0.0153295722021929,-0.0340642232185118,-0.0307459322592022,-0.00204071221362903,2.5
"482",82,0.0367004385188912,-0.0861462270322136,-0.0169260507798018,-0.007561009579859,2.5
"483",83,0.0475241342462484,-0.0544543771245651,0.0525003495805775,0.000691915479507289,2.5
"484",84,0.145840044409264,-0.0954290645028091,0.0799989705973412,0.016514157938169,2.5
"485",85,0.0968194456096203,-0.0558253932154908,0.076190676965168,-0.014669244481207,2.5
"486",86,0.184820233685522,-0.02551485556119,0.105015317466249,0.00456330413006154,2.5
"487",87,0.0670553116025293,0.0241106021243407,-0.0744227377942682,0.008238469099451,2.5
"488",88,-0.0871377699250011,-0.129637314033295,-0.0244885278082261,-0.0361260157809155,2.5
"489",89,0.00155293261919875,-0.0751380542615876,-0.0295692179406855,-0.00137317253612554,2.5
"490",90,0.0717584899967683,-0.0311553640744916,0.00249380129458932,0.00241948490999985,2.5
"491",91,0.05851330144455,-0.0757210731617578,0.027754248121621,-0.0154136102161633,2.5
"492",92,0.22920150068917,-0.0751629178942845,0.136790872545634,0.013175975200762,2.5
"493",93,0.179090765388751,-0.00876956925579475,0.081441905346183,0.0111556218538651,2.5
"494",94,-0.0545701726063106,-0.0419197601915404,-0.0349076275191336,0.0023343507764422,2.5
"495",95,-0.169913923562941,-0.0489173079407469,-0.0635099392654788,0.00208673681352511,2.5
"496",96,0.143070915002281,-0.0213669053694372,0.0872396639903655,-0.0128273796724158,2.5
"497",97,-0.00063382630807951,-0.0248865228000635,-0.0541065742417274,0.0216410734397536,2.5
"498",98,0.0210219665011003,-0.0446402139773802,0.0649220726968656,0.0105269481898503,2.5
"499",99,0.0949071295055087,-0.0804504726170947,0.114080028686522,0.00945389358959649,2.5
"500",100,-0.17651519711711,-0.0651416758650377,-0.105681882396711,-0.0327346621805479,2.5
"501",1,-0.0111290909022308,-0.0536800804932247,-0.00254198207282413,0.0200435415903152,3
"502",2,-0.243531694202909,-0.0749507600343576,-0.152777287028605,0.025981131562825,3
"503",3,-0.154321874765931,-0.0846809505963065,-0.0463296816396352,-0.00241869185265187,3
"504",4,0.221447518628208,-0.110907906987678,0.124629292102257,-0.0227020778455444,3
"505",5,0.0363681832064683,-0.0579070842198819,0.0666523892240539,0.0355056876539895,3
"506",6,0.20467520409485,-0.043822308327546,0.0768788542009863,0.00387553156966956,3
"507",7,-0.334737463195195,-0.0315076195587736,-0.205970639023799,0.0134530936390657,3
"508",8,-0.0707129776871661,-0.0786127132485046,-0.0804017034462192,-0.00451251975603991,3
"509",9,0.468431721439229,-0.0514541001982483,0.16220539501883,-0.00312844527493518,3
"510",10,-0.156905431870657,-0.060831876734774,-0.0671870390032356,0.0153096957250053,3
"511",11,0.193770057525865,-0.0396163906807969,0.0256298226578824,0.0277586138638837,3
"512",12,-0.130909717130041,-0.0682916065107623,0.0509300498809409,0.0178385975755064,3
"513",13,0.0337732731953777,-0.154545487288332,0.0940276803946951,-0.0457335195001509,3
"514",14,0.136507799928599,-0.0613614189677875,-0.00794598897103513,-0.00362707207958417,3
"515",15,-0.150512620945695,-0.0503214844405835,-0.164402176295653,-0.00468804038111443,3
"516",16,0.087413313973518,-0.0300274869989456,0.11464666759515,0.015457035462247,3
"517",17,0.18239015992055,-0.0588701224557303,0.0337660828930832,-0.0236670921226274,3
"518",18,0.0119902407858913,-0.0507563047538291,0.0913138858243152,-0.000915578264533888,3
"519",19,0.0571259778279297,-0.0181956987445495,0.150718494665422,0.0211980133904176,3
"520",20,-0.0335982473279823,-0.001729879689916,0.0370538688914784,0.0507136373197753,3
"521",21,0.298543147304436,-0.0912850725726939,0.222129885536369,0.000376259676219126,3
"522",22,0.135168969542784,-0.0527365269041213,0.0954754510421754,0.0184196364410694,3
"523",23,0.0822277076092102,-0.0564241136390295,0.0312166764874773,-0.0305444940184827,3
"524",24,0.117121656384346,-0.0911560880057358,0.0504083056708498,-0.00390254911500133,3
"525",25,-0.182261017968724,-0.0608286454386556,-0.119825289966243,0.0387285681162812,3
"526",26,0.163366736590293,-0.0830877146439772,0.154869793276838,0.0180196826289174,3
"527",27,-0.0977781435734674,-0.0613452461431012,-0.0708057317062581,-0.0207095532412216,3
"528",28,-0.120950764831354,-0.0821025746695522,0.00841702779623611,-0.0273927094313395,3
"529",29,-0.0548414880876262,-0.0587864343828559,-0.0371268513172518,0.00916702809047512,3
"530",30,0.066079843368233,-0.0629576480409142,0.0182077297146181,0.00012289353333065,3
"531",31,-0.182151248673411,-0.0751244287546847,-0.158796798871351,0.0196901994228948,3
"532",32,-0.184386752568258,-0.0825929098763901,-0.117924963804707,-0.0123452766395145,3
"533",33,0.104631762234376,-0.12364250172593,0.0310086945066865,-0.00261148143521217,3
"534",34,0.0917603187836495,-0.102199540437851,0.122370541223063,-0.014143893301859,3
"535",35,0.0749505751175346,-0.0876968979143462,0.0220649104669129,-0.0245888664320807,3
"536",36,-0.0589542989768128,-0.0560178930290726,-0.0922395425234058,-0.00850320580394776,3
"537",37,0.10337136034376,-0.0888582018742519,0.101192288229455,0.0131466989392367,3
"538",38,-0.260024689144682,-0.0700498999972166,-0.0784270387102762,-0.0197589833977183,3
"539",39,-0.275934226647656,-0.0671112915464724,-0.148541495731461,-0.00112308919755853,3
"540",40,-0.0513857501218082,-0.0484928752668469,-0.0828094439108584,-0.00393087855900183,3
"541",41,0.164613254046303,-0.0741667449308838,0.158953637359656,0.0198323318905729,3
"542",42,0.0808563628381527,-0.0293084991662916,-0.034860104129582,0.0263246913969162,3
"543",43,0.10468397755254,-0.0884897566701189,-0.00363761906430661,-0.0175754092493079,3
"544",44,0.0603043612161799,-0.0719973380246974,0.0744302065547102,-0.00890981890745745,3
"545",45,-0.221278299347762,-0.0832035337930379,-0.0979969505594131,-0.0116946417256264,3
"546",46,0.0136129954008517,-0.0704879086324782,-0.0250995792444623,0.0076793438707399,3
"547",47,-0.057720673498715,-0.0753059631137504,-0.0689713293353365,-0.0239251937933057,3
"548",48,0.0695084232910415,-0.0757957535584243,0.0277557998943622,-0.00436578346597105,3
"549",49,-0.0378619377701773,-0.0494220965945884,0.0844269562764294,0.0151040774746616,3
"550",50,0.225814140323435,-0.0886823299970211,0.184039801061593,-0.00653669094145006,3
"551",51,0.203309080988347,-0.0409391208637733,0.117429772264301,0.00536129503030693,3
"552",52,0.0762370905238395,-0.0859509212356431,-0.00622851866492532,0.000798496511003801,3
"553",53,-0.0506076557438782,-0.0579930438528458,-0.0501088978298456,0.00952297284293576,3
"554",54,0.140813872786866,-0.0555507425622692,0.0319872863282488,0.0143401954070352,3
"555",55,0.257013730773461,-0.050877415061692,0.126823854346628,-0.0145099341511339,3
"556",56,-0.0942343467429175,-0.065097687591971,-0.106034201304475,-0.0041804998038344,3
"557",57,-0.128890955259668,-0.0597735005036373,-0.208109488081675,0.000919737492224161,3
"558",58,0.0127752883734624,-0.082759132265204,0.0178728178311872,-0.0133018262439666,3
"559",59,0.277150602100101,-0.0357546076220984,0.188125064414885,0.00197708481897544,3
"560",60,0.197016650149063,-0.08543039074232,0.183475088148206,0.0162545470891154,3
"561",61,0.059738315434243,-0.0646037635467489,0.0643004001756023,-0.0113403152297443,3
"562",62,0.0543777852579809,-0.0710351393297673,0.0189300573456043,0.00221718009984021,3
"563",63,0.291334932663966,-0.0618174868932988,0.12218883481882,0.0010383044579564,3
"564",64,-0.149754291618177,-0.051137956397286,-0.00558870757149443,0.0172654086527747,3
"565",65,0.0760909257489421,-0.0819472985031663,0.0257651448869687,0.0184451889726404,3
"566",66,0.311716521595202,-0.105445169234366,0.150762789521768,-0.0394110745182885,3
"567",67,0.157473501290077,-0.0688775195106086,0.148322095805332,-0.0150068129895862,3
"568",68,-0.0057646261258526,-0.0862722885381981,-0.101052872890191,0.00229195920714973,3
"569",69,-0.368800526319283,-0.0548871781463588,-0.165866952175056,-0.00210522444985138,3
"570",70,-0.0960503464613307,-0.0906186696683964,0.0326954473944447,0.00135954028947166,3
"571",71,0.226209357789595,-0.05609302899811,0.164682945091446,0.00349102039734492,3
"572",72,-0.0142609093352293,-0.0780007946801511,0.0486288320443714,0.0182464405500317,3
"573",73,-0.0241204501001936,-0.0412625327408391,-0.121902283060903,-0.0303969918761353,3
"574",74,-0.0433015165949452,-0.085353356963923,-0.0146609516901943,-0.0182181027873532,3
"575",75,0.12852747643848,-0.0790754778083239,0.0961768608215824,-0.013312947028774,3
"576",76,0.526450257213201,0.0185251425264117,0.207104943555529,0.036854093577061,3
"577",77,-0.0704559084837635,-0.0954318718053812,-0.0581711900546054,-0.0172080800594776,3
"578",78,0.13823856000754,-0.0447600992817583,0.0413850390739787,-0.00490671349650241,3
"579",79,-0.0582162697205807,-0.0845228058764521,-0.131905512542982,-0.00914803954641273,3
"580",80,-0.170066776026709,-0.097423035870163,-0.115088410846423,0.00490688726959753,3
"581",81,-0.0940671618827116,-0.0836387227103502,-0.00312614337387267,-0.00831564934767351,3
"582",82,-0.131719411331784,-0.0550992619479558,-0.0685120273293926,0.0316786000815414,3
"583",83,0.333802526594747,-0.0590936442848244,0.188757188398158,-0.00701169841799696,3
"584",84,0.105506528145442,-0.105456976979587,0.137544549420599,-0.0228113772880934,3
"585",85,-0.00720454265601644,-0.059231042733884,-0.0419694890338451,0.00996326731245387,3
"586",86,0.312260701404936,-0.0490078911139585,0.248085855872637,0.0386290282989624,3
"587",87,0.134107594140367,-0.0578910121882186,0.10080762996294,-0.00254807702118586,3
"588",88,-0.144128097360687,-0.0743322655538174,-0.0576477739194892,-0.00442489250746866,3
"589",89,-0.0709502088754731,-0.106025771768892,-0.0212632378367222,0.0110075526410697,3
"590",90,0.13138437368129,-0.0350031412830289,-0.00276345280638414,-0.00355377897176049,3
"591",91,-0.832991987444557,-0.0530050689219749,-0.427010535970811,0.000948732490885996,3
"592",92,-0.0703470310220152,-0.048344795416845,0.0454055902979097,0.0253457894933086,3
"593",93,-0.0699095210225813,-0.0698519157538169,-0.0491708551233063,-0.0122282309887812,3
"594",94,-0.254072775390047,-0.0515770644076642,-0.122593644311527,-0.000370706547298368,3
"595",95,0.00500943095594408,-0.108701440094865,0.080803102202786,-0.00957376165526199,3
"596",96,-0.00883242422111996,-0.055927612829615,-0.0542071355092116,0.0197524487805031,3
"597",97,0.221112986287445,-0.0811314674784505,0.154842577745088,0.00550951875174086,3
"598",98,0.070287100725127,-0.129787637607245,0.104449090278477,0.00678584986956775,3
"599",99,-0.00274613848792349,-0.0532597876411052,0.0672813889426608,0.0143702467908978,3
"600",100,-0.567073818298815,-0.0823206014516255,-0.331779789325996,-0.0198501904450094,3
"601",1,0.244003242878048,-0.103351520523478,0.095276647438777,-0.0238021145015984,3.5
"602",2,0.220442815891779,-0.0933698997064933,0.135439816362877,-0.00168346347075156,3.5
"603",3,-0.288280502282598,-0.0898626926389735,0.00185652765970199,-0.00717643192756297,3.5
"604",4,0.177878094038593,-0.0915271570005385,0.140936337261926,0.00125851214359891,3.5
"605",5,0.0267380221754087,-0.105029788737374,0.0434064137834891,-0.0118669106720967,3.5
"606",6,-0.111095322958989,-0.0908269004849663,-0.067891725216295,-0.00855713397156587,3.5
"607",7,-0.138427192276711,-0.0902378477983043,-0.0988403187135333,0.00426494591106242,3.5
"608",8,-0.255181246838638,-0.0378082201024161,-0.101225743088263,0.00810612511353074,3.5
"609",9,-0.0836797620335332,-0.0552884199735398,-0.0420677053068566,-0.000793598483562453,3.5
"610",10,-0.108456039641794,-0.060994540758929,-0.0170424449334785,-0.000620071395169543,3.5
"611",11,-0.0866513940693379,-0.0880624189267758,0.0980483736400413,0.00553606084830211,3.5
"612",12,0.15827535159634,-0.0801876640192837,-0.0462988896886508,0.00483300122604056,3.5
"613",13,0.176235210702985,-0.128249790481941,0.0874739180054302,-0.0377899346771253,3.5
"614",14,-0.0633182545610361,-0.0697388938830593,-0.0554332570039289,-0.00408648342771285,3.5
"615",15,0.291630084534718,-0.0514018505385722,0.103253682795524,-0.00623288384164945,3.5
"616",16,-0.161939553534102,-0.0530428648471466,0.0497095500110616,0.0155335541103944,3.5
"617",17,0.054933171399003,-0.0742125486766193,0.0017609582416913,0.0142342584259701,3.5
"618",18,-0.0209623924852765,-0.0803590841946767,0.0894218500996742,0.0194023666313515,3.5
"619",19,-0.00922868290688139,-0.0679722452466882,0.0274265282800381,0.0250230597799546,3.5
"620",20,-0.0216032340825955,-0.0375081076203314,-0.0376404400092475,0.0157482376945455,3.5
"621",21,0.257116830772706,-0.0902732348608392,0.216926676259407,0.00566352532190954,3.5
"622",22,0.324283748287736,-0.0900149024027574,0.218991775665255,-0.017144973489243,3.5
"623",23,-0.238237125311786,-0.053444868902683,-0.301880079486444,-0.014992050649798,3.5
"624",24,-0.00552927583771556,-0.0790259239149055,0.0566220562248289,0.00262837359390106,3.5
"625",25,-0.302663778176314,-0.0653817536898239,-0.136805728295589,0.0124945592084789,3.5
"626",26,0.0120154198761097,-0.107100573112152,-0.14750777267221,0.00167651370453776,3.5
"627",27,0.19851745516598,-0.0874433171750663,0.0547865438942329,0.00416147069591316,3.5
"628",28,0.0603003932909387,-0.0907093198931225,0.0320749774264573,0.00196312838354817,3.5
"629",29,0.380298642684346,-0.0548379145154712,0.11238961269647,-0.0132308295032724,3.5
"630",30,0.455699650770265,-0.0957446831419446,0.231358314761221,-0.0243530139777627,3.5
"631",31,0.00211309804303372,-0.0723853241815415,-0.0392938168859498,-0.0236000765189775,3.5
"632",32,0.299881020629033,-0.0967963884757488,0.134921163949821,-0.0222610222211443,3.5
"633",33,-0.0773773796783522,-0.0798206745018178,0.0117471972665074,-0.00812798392829754,3.5
"634",34,-0.39592597864726,-0.0846632597784022,-0.185197528444655,-0.00357133739620391,3.5
"635",35,0.0718928578789909,-0.064784428050279,0.0795682365187888,0.0188881211913926,3.5
"636",36,0.174444933832487,-0.10053099986848,0.0751120307107134,0.0079635771296179,3.5
"637",37,0.0501888011630958,-0.090460030924484,0.0405003270537944,-0.0119552178637854,3.5
"638",38,0.387022693546348,-0.0760979830356057,0.0688798432849487,0.000817385339941324,3.5
"639",39,-0.144709223633287,-0.0675631563197189,0.0383646729298978,-0.0124812006173201,3.5
"640",40,-0.10788803931946,-0.0433370993878551,-0.0340672741227227,0.00730122442241191,3.5
"641",41,-0.289912208003257,-0.0843870256690322,-0.116473774615626,-0.0204399725207133,3.5
"642",42,0.159499930596765,-0.059020114270993,0.0266125013115307,0.000385690497893775,3.5
"643",43,0.133043591130459,-0.0647912818593311,0.0799016029458306,0.0227553385167109,3.5
"644",44,0.171795284590694,-0.0564839162053185,0.140464299843451,0.016320452352126,3.5
"645",45,0.0380331002966489,-0.0569295811985073,-0.0484373735361367,0.00289200931114089,3.5
"646",46,-0.0326646603162374,-0.0763049421809553,-0.0230954771024696,0.0122732899566547,3.5
"647",47,0.0857215401498317,-0.0823493146538229,0.00945268505441657,0.0263713761012665,3.5
"648",48,-0.118887456634944,-0.0763017843032904,0.0727031721959043,0.0276911987997373,3.5
"649",49,0.112804145345615,-0.094570036347829,0.125842309584157,-0.000430856159414888,3.5
"650",50,0.284309572513116,-0.121512406874944,0.159415505976269,-0.0220692407520224,3.5
"651",51,0.0204182397289054,-0.0773790834563447,0.151916357932547,-0.0106103623197689,3.5
"652",52,0.198280963661064,-0.0855956435719909,0.349132471451291,-0.00295130514204102,3.5
"653",53,0.09957492178004,-0.128861158605223,0.0227877352521554,0.0139623819595332,3.5
"654",54,-0.165450799816903,-0.122664784280903,0.0521540783589273,0.000929651230742141,3.5
"655",55,0.114529989977421,-0.079145791108297,0.0257214458863826,0.00889028692177571,3.5
"656",56,-0.389212445387026,-0.0411974006122693,-0.182588155406722,0.013630288452873,3.5
"657",57,-0.0196202388617958,-0.105434954383105,-0.0773812898327027,-0.00751305818687021,3.5
"658",58,0.112765221796782,-0.0901126614889096,-0.00855594038101129,-0.00483738901740099,3.5
"659",59,-0.213673119988374,-0.0708340063710924,-0.0846974070711383,-0.0181677706719456,3.5
"660",60,-0.271023264786225,-0.0618813239638714,-0.111167277565372,-0.0232924126920882,3.5
"661",61,0.358380234663113,-0.0892495936080943,0.105478713035807,-0.0169190272621497,3.5
"662",62,-0.0971418495095668,-0.116067815305763,-0.0519474980217923,0.00579441258609266,3.5
"663",63,0.0497750495298891,-0.089345153127446,-0.00124742363947727,-0.00370518610890738,3.5
"664",64,0.109159858313107,-0.0719361904343218,0.0395094194695825,-0.0057681769825273,3.5
"665",65,-0.0755704341227337,-0.0617140168339015,-0.0305230095798165,0.0136825827257902,3.5
"666",66,-0.25634436414046,-0.0642392424106155,-0.154052609806474,0.0112289026794585,3.5
"667",67,-0.300314902033326,-0.103993035787092,-0.276956514162222,-0.0241974114782229,3.5
"668",68,0.116384439768053,-0.0988664743269281,0.115602035247497,-0.00270566623089097,3.5
"669",69,0.67415648452139,-0.0941923997949355,0.270630940895997,-0.0184089143549218,3.5
"670",70,-0.341267691451214,-0.135960070661611,-0.132768669289478,-0.0535775870111719,3.5
"671",71,-0.257481432055349,-0.0945140007667407,-0.115548368461114,-0.0132667824215622,3.5
"672",72,-0.0771151560972518,-0.109530643776672,-0.0254431556200198,0.0125076302345714,3.5
"673",73,-0.0366205566210923,-0.111638340061003,-0.11672202777079,-0.0308816093281076,3.5
"674",74,-0.555645642446841,-0.0712633030443942,-0.29908671568244,0.00542014515253438,3.5
"675",75,-0.340513130374773,-0.0785860416285249,-0.263294369695247,-0.0128241611679179,3.5
"676",76,-0.157027899812941,-0.0887302151190626,-0.0289639407278487,-0.0192310290519094,3.5
"677",77,0.0890845626554242,-0.104019501641423,0.214605779174639,0.00762706208852674,3.5
"678",78,-0.191998239515727,-0.130874339520769,-0.23003554969547,-0.0270259273470655,3.5
"679",79,0.404199314791671,-0.0351109718895188,0.17170358782898,0.000834570080241185,3.5
"680",80,0.3857928381707,-0.087243844839573,0.328670435422948,-0.0190580428216423,3.5
"681",81,-0.144205031546134,-0.0590262582777895,-0.140768252319943,-0.0140804237632145,3.5
"682",82,0.18783484113817,-0.0992825211407969,0.212113810624708,-0.00129637969502543,3.5
"683",83,-0.0771312316064142,-0.0311412362215581,-0.0182274186119002,0.0019765922266808,3.5
"684",84,0.19950628950627,-0.0536256743733587,0.0857308642893421,0.00711358076802031,3.5
"685",85,-0.223083903987706,-0.106332898884379,-0.190412095216285,-0.0109777464256468,3.5
"686",86,-0.0946798724638244,-0.0777200570351809,-0.0455528185587339,0.0135522455361449,3.5
"687",87,0.049626631531367,-0.0737223683938052,0.0201575881353588,-0.0150561545665709,3.5
"688",88,0.128318701309041,-0.0660018652033565,0.015525538612476,-0.0113001696172354,3.5
"689",89,0.134931281359602,-0.0703833852476132,0.124197280803798,-0.00833406631286381,3.5
"690",90,0.344700540379188,-0.0823165069419125,0.180126359768228,0.00363598150708412,3.5
"691",91,0.439052035770563,-0.0894974751788095,0.232071940300524,-0.0156450860554114,3.5
"692",92,0.349528038986947,-0.0945987390734438,0.171818585046192,-0.0102886921247816,3.5
"693",93,0.307786995194492,-0.0572171400217819,0.137625247742923,0.00377162799852095,3.5
"694",94,-0.417733295526848,-0.0614378178795768,-0.24060192677944,0.0186749241049566,3.5
"695",95,-0.340754148001472,-0.0602538965372454,-0.174491461790549,0.0121858429615686,3.5
"696",96,-0.234234828102485,-0.0568007230685947,-0.220140214488,0.000354224846717442,3.5
"697",97,-0.0384040635103319,-0.0642264343749158,-0.0244417468925842,0.00729766693713156,3.5
"698",98,0.0484356350091439,-0.0608869211819825,0.114070305325156,0.00833293901055211,3.5
"699",99,0.358806802542127,-0.0914175938571841,0.229164216112156,0.00736650055987851,3.5
"700",100,-0.0959373674634905,-0.122679722520722,0.0778990277785409,-0.0102427852277566,3.5
"701",1,0.3705883394535,-0.111503653567994,0.185732669839489,-0.00174193968786157,4
"702",2,-0.275740525975485,-0.0754737081333514,-0.0190626625480885,0.0144189404014738,4
"703",3,0.227220883258556,-0.0870961929325161,0.178575759512878,-0.00363852485281993,4
"704",4,0.144276253454469,-0.087269834273121,-0.0719157838692647,0.00632325427032642,4
"705",5,0.857797207446509,-0.062570530862628,0.38617545381566,0.0222285188044522,4
"706",6,-0.137968987523095,-0.109727810006667,-0.219199561675185,-0.0284627747034653,4
"707",7,-0.778601749714835,-0.0828466293676415,-0.311163411238922,-0.00581884315345016,4
"708",8,1.37991771389853,-0.111703435094772,0.780767561178213,0.00407796023033398,4
"709",9,0.426479143693759,-0.124526378718154,0.274386277895127,-0.0108021087214741,4
"710",10,0.665029727631272,-0.0783876006669403,-0.0898979767596774,0.00944299482166218,4
"711",11,0.0397089057553898,-0.0847894333631185,0.175039069728588,-0.000102393581281016,4
"712",12,-0.340422865123601,-0.0663401590512255,-0.169693498579372,0.00412261170153582,4
"713",13,-0.110965491609205,-0.0715432654618859,0.0535412960959618,0.0126673908025111,4
"714",14,0.0431361269591619,-0.0723385519196865,0.0128377571060069,-0.0375960834803263,4
"715",15,0.315128674766532,-0.0792140201267265,0.126185620809112,-0.00108075523731174,4
"716",16,0.323699834322532,-0.113052290606571,0.288065871520176,-0.00460818787089818,4
"717",17,-0.291681179148919,-0.0859483592740191,-0.0784068493600701,0.0273168596738173,4
"718",18,-0.271828945904533,-0.108595525472832,-0.139069075003909,0.0132408406494776,4
"719",19,-0.147279362975665,-0.0966340060821317,-0.082638029096094,-0.0175728447431185,4
"720",20,-0.0418352831343223,-0.104098727450125,-0.110702736008032,0.0140505856654836,4
"721",21,0.0432308294244459,-0.0859350783930474,-0.185799251852643,-0.0149049772410687,4
"722",22,0.455559177877695,-0.0806066644840371,0.062260432763582,0.013769440633161,4
"723",23,0.0440941778934661,-0.139257872266192,-0.0469958859770468,-0.0185335511883086,4
"724",24,-0.0341917622723394,-0.076078324760644,-0.0658462762667741,0.00669587017066732,4
"725",25,0.417452273448605,-0.0857263417794953,0.11837037041696,-0.00257253271703994,4
"726",26,-1.41219780650061,-0.0640733148270927,-0.696577096708419,-0.000361471891775825,4
"727",27,0.0450143088801878,-0.0920273218612163,0.0144085584084174,0.0151238605287716,4
"728",28,0.287587762493827,-0.0826625460510577,0.214709805286938,0.0217887516016997,4
"729",29,0.169154744377687,-0.0869998178227817,0.110468044100206,0.0123457044975162,4
"730",30,0.0643242218417489,-0.136431331349832,0.0453220994740699,-0.00435215646038092,4
"731",31,0.262046141257412,-0.0489214123511396,0.0735575862587701,0.0183099205224739,4
"732",32,-0.375046639140953,-0.0824797227086894,-0.0945888411101782,0.00503595077406626,4
"733",33,-0.551500655590775,-0.0994318271135187,-0.324935258911327,0.0084338720375784,4
"734",34,0.0806954828797983,-0.0642457796599579,-0.0923410123722677,0.0291067074003383,4
"735",35,0.23137478603409,-0.146325623311422,0.0375928748898627,-0.032067110696401,4
"736",36,-0.54612875063669,-0.111711494325953,-0.324774722186907,-0.0190744645642807,4
"737",37,0.066407643605061,-0.0909020518279392,0.00430430479090644,-0.0085932025447066,4
"738",38,0.209948462986203,-0.0937849644065074,0.0366568459136301,-0.00127370859524139,4
"739",39,0.332588794424948,-0.0517848452870047,0.186223521881805,0.00979338390003181,4
"740",40,0.16843372172255,-0.079530315231232,0.00623918196412623,-0.0303848268665764,4
"741",41,-0.114225605608287,-0.0963930425639754,-0.0831554889970369,-0.0306180549914575,4
"742",42,-0.0162561750552479,-0.0611420402779045,0.0661496102051501,0.0216721560272302,4
"743",43,0.192651716968449,-0.105111039515678,0.11150606649599,-0.00580929676145129,4
"744",44,0.100611335692124,-0.0793267724702524,-0.0884237464353614,-0.00979653252156222,4
"745",45,0.440955661560415,-0.134493610152931,0.304619535378842,-0.00437383197643543,4
"746",46,0.241670040734045,-0.101334301983783,0.159739696141296,-0.0229440003033595,4
"747",47,-0.117837664655258,-0.117931195543081,-0.116962830451692,-0.00565641931653791,4
"748",48,-0.472345783990649,-0.0912775337559157,-0.150270008456273,0.000354668801916754,4
"749",49,-0.159248248629147,-0.0688160562105421,-0.165039593768321,0.00817643664761627,4
"750",50,0.0858302851177505,-0.112637287607339,-0.0690077121729617,-0.0173494881948709,4
"751",51,0.245965506720642,-0.0538082460529773,0.168080731846382,0.0304182853620557,4
"752",52,-0.244419826203217,-0.0869311214777103,-0.143111598407369,0.00612252922094282,4
"753",53,-0.035418006143504,-0.106084696915596,-0.108479060085637,-0.016074807737778,4
"754",54,0.143827581903531,-0.0940175940556497,0.0713963011851987,0.00649647303919129,4
"755",55,0.125647050366416,-0.0808833460888125,0.166471485058829,0.0156442260759797,4
"756",56,0.390301318664077,-0.10367876435698,0.15580530489385,-0.00689755869631256,4
"757",57,-0.150838893119733,-0.104703357246709,0.123475394760651,0.0104305824436465,4
"758",58,-0.750258690576437,-0.0980566273962438,-0.445777146668345,-0.0103718966231011,4
"759",59,0.0306673084295908,-0.0691517256024119,-0.0328493039876011,0.000982610187043195,4
"760",60,-0.0230020391155289,-0.11482284404315,-0.00419344108290928,0.00315023962556879,4
"761",61,-0.0955144402729941,-0.0682665383382666,-0.1953404368248,-0.0134102969723475,4
"762",62,0.491260175117634,-0.0964678167283904,0.150055276051796,-0.0109244438060715,4
"763",63,-0.159123056962744,-0.0703091149293934,-0.164935111745972,-0.0242745134220028,4
"764",64,0.305162287822354,-0.0757169841511769,0.138107829049308,0.0148404586516933,4
"765",65,0.284993847909099,-0.131816101814166,0.0828320312077555,-0.00430144923608919,4
"766",66,1.31949631825894,-0.101641346563033,0.789980786101897,0.0147251033976992,4
"767",67,-0.0516736505001221,-0.058672987240864,0.131510949428264,-0.0199867536394603,4
"768",68,-0.141976635752414,-0.117981202929843,-0.190181454778388,-0.0061342367178755,4
"769",69,0.279093966292664,-0.0763451676268982,0.127619063540784,0.00832989733829124,4
"770",70,-0.269651574312999,-0.0829075582792665,-0.150296614984182,-0.00339716498350554,4
"771",71,0.207292289574123,-0.1108929711331,0.131064175287723,0.0125998470892162,4
"772",72,-0.283246336478895,-0.0692998903729888,-0.185397216786858,0.0246301091206719,4
"773",73,-0.265097410650919,-0.129043842372834,-0.142513669331529,-0.0128904081935829,4
"774",74,-0.0793554879273075,-0.0516299455484813,0.0533839311278056,0.0205725611154295,4
"775",75,0.327909558048642,-0.0973446192723859,0.0642752005925054,-0.0129727050512643,4
"776",76,0.0589366401997191,-0.106325535203294,-0.0727702079638051,-0.00895580536505005,4
"777",77,-0.0573334022756739,-0.0578593291729234,0.0968542050374341,0.0234800557820726,4
"778",78,0.0640936098505178,-0.0603293562915276,-0.0680103175339689,0.0183998447864679,4
"779",79,1.22346195941936,-0.0790540560308337,0.477978191099681,-0.00222906492626285,4
"780",80,-0.0275037025057983,-0.138474736362811,-0.0146552973094589,-0.0336655215985638,4
"781",81,-0.0650254927866416,-0.0859732770213185,-0.0390178802884059,0.00344937785279436,4
"782",82,-0.235234182522293,-0.0716048548349807,-0.181393658666412,0.0126804282106506,4
"783",83,0.276528399945133,-0.0864878174607139,0.134924753697907,0.00338900193994822,4
"784",84,0.369316088819007,-0.0844747094211137,0.25037660847903,0.0245010310345527,4
"785",85,-0.345388698322206,-0.125597631431131,-0.110942771757802,-0.0182146030349859,4
"786",86,-0.400667311989487,-0.12327789993456,-0.277789742502186,-0.0207254510681062,4
"787",87,0.146934622970876,-0.109543046382012,0.0981459793415516,0.0196713744272118,4
"788",88,-0.253804299625184,-0.0888582424066856,0.0602620543709412,0.0137917043352,4
"789",89,-0.143057286256203,-0.109589519877475,-0.109232488371237,0.00596833609330927,4
"790",90,-0.110237427023997,-0.0899481175617731,0.0616876998353667,0.0106745916055415,4
"791",91,-0.293904334000283,-0.0977271599274391,-0.170871598611089,-0.00729504444115132,4
"792",92,0.285050362925973,-0.105644763050634,0.240403744383633,-0.00814889654791034,4
"793",93,0.582263817687505,-0.103630465165079,0.458497366167032,0.0156420604502862,4
"794",94,-0.0529885718908134,-0.0482593657540186,-0.0626026896248392,0.0267044456219933,4
"795",95,0.0892075925114362,-0.0741354707899476,0.00275845423535845,-0.000125761439229698,4
"796",96,0.00605977628171672,-0.0705093538386352,0.138151411864106,-0.00273190843542486,4
"797",97,-0.088457983499572,-0.0789104805944492,-0.0300801061729667,-0.0152163685528854,4
"798",98,0.150316315481262,-0.102077411664095,-0.0917478855710259,-0.0228693419713688,4
"799",99,0.0431834228826512,-0.0906236754408091,-0.0333322826542268,-0.0254593385683005,4
"800",100,-0.160997975330891,-0.081350910006307,-0.256693088965573,0.0406493748093233,4
